{
  "vite.config.js": 1776367774.334947,
  "src/main.jsx": 1776367778.409111,
  "src/App.jsx": 1776373565.9765291,
  "src/utils/storage.js": 1776373404.7149723,
  "src/components/Chatbot.jsx": 1776372560.296695,
  "src/pages/MissedQuestions.jsx": 1776373549.3828359,
  "src/pages/FullTest.jsx": 1776376687.2519765,
  "src/pages/Progress.jsx": 1776375641.2421515,
  "src/pages/StudyGuide.jsx": 1776372542.3679302,
  "src/pages/QuizGenerator.jsx": 1776376669.4886134,
  "src/pages/Flashcards.jsx": 1776373423.7161436
}